Item_Category,PO_Count,Total_Spend,Total_Savings,Total_Defective_Units,Total_Quantity,Defect_Rate
MRO,164,10126608.86,902312.31,9741.0,187658,0.051908258640718755
Office Supplies,174,10007583.03,844096.1599999999,11233.0,179936,0.06242775208963187
Electronics,152,8642550.6,742876.2299999999,8981.0,164829,0.05448677113857391
Raw Materials,139,8471241.42,709097.2499999999,9642.0,151252,0.06374791738291063
Packaging,148,8125712.48,732744.5199999999,8352.0,166876,0.05004913828231741
