Metric,Value
Total Purchase Orders,777.0
Total Procurement Spend,45373696.39
Total Savings,3931126.4699999993
Compliance Rate,0.8236808236808236
Defect Rate,0.05637404458991877
Delivery Issue Rate,0.27927927927927926
Total Suppliers,5.0
Average Order Value,58396.00564993565
