Supplier,PO_Count,Total_Spend,Total_Savings,Compliance_Rate,Total_Defective_Units,Total_Quantity,Delivery_Issue_Count,Defect_Rate,Delivery_Issue_Rate
Beta_Supplies,156,9858665.9,889940.8899999999,0.7564102564102564,13838.0,180516,43,0.07665802477342729,0.27564102564102566
Epsilon_Group,166,9851156.06,844980.1799999999,0.9819277108433735,4682.0,180053,45,0.02600345453838592,0.2710843373493976
Delta_Logistics,171,9236240.47,781976.4899999999,0.6081871345029239,19678.0,181652,52,0.10832801180278775,0.30409356725146197
Gamma_Co,143,8587921.71,725308.4199999999,0.8601398601398601,7034.0,157916,33,0.04454266825400846,0.23076923076923078
Alpha_Inc,141,7839712.25,688920.4900000001,0.9361702127659575,2717.0,150414,44,0.018063478133684363,0.3120567375886525
